number,corr
1,0.834414
2,0.859611
3,0.848182
4,0.819692
5,0.786703
6,0.786703
7,0.852214
8,0.799683
9,0.850398
10,0.846252
11,0.738425
12,0.790532
13,0.843713
14,0.805223
15,0.855494
16,0.842711
17,0.854627
18,0.868203
19,0.847881
20,0.846961
